id;jhi_key;message
1;4175746f204c6f616e204163636f756e74;476c6f76657320526566696e6564204d6574616c204368697073
2;667563687369612046616e746173746963;4261636f6e
3;4d6175726974697573205275706565206465706f73697420696e6e6f76617465;426564666f7264736869726520496e766573746d656e74204163636f756e74
4;6e657572616c20417373697374616e74;636170616369746f722046616e74617374696320696e646578696e67
5;66656564204e6174696f6e616c204672657368;70616e656c
6;496e766573746d656e74204163636f756e74;465450
7;546173747920506c617374696320436869636b656e;6465706f736974206e65757472616c205072652d656d7074697665
8;53514c20536f667420436f6f7264696e61746f72;46726f7a656e204175746f6d6f74697665
9;73696c7665722046616e74617374696320436f6e63726574652050616e7473;652d627573696e6573732043656e7472616c204166726963616e2052657075626c6963
10;547261696c20426561757479;4265726b7368697265
