id;order_num;asset_name;webview_id;start_at;end_at
1;43206;726564756e64616e7420506572736f6e616c204c6f616e204163636f756e74;726564756e64616e7420706978656c2050726f616374697665;91021;41738
2;15441;436865636b696e67204163636f756e74;42616279;87353;27714
3;23647;70696e6b206d6963726f63686970;486f6d65204c6f616e204163636f756e74;88197;16251
4;95908;6675636873696120627573207769746864726177616c;6261636b207570204d6574616c;861;94549
5;1997;4d6963686967616e204d6f756e7461696e;72656420696e646578;74641;71806
6;14551;55534220636f6e7465787475616c6c792d6261736564;63726f73732d706c6174666f726d20466c6f726964612070696e6b;23672;44018
7;62803;67656e65726174696e67;4d6f6e6579204d61726b6574204163636f756e7420627573;2916;66926
8;54123;536c65656b204d6574616c204d6f7573652047656e657269632046726f7a656e2050616e7473;416e616c797374204c6f61662041766f6e;56585;29099
9;91675;736f6c696420737461746520416c6c657920706978656c;73656e736f7220536176696e6773204163636f756e74;8167;46393
10;21772;556e6976657273616c;7765622d656e61626c6564204f7074696d697a6174696f6e20556e69746564204172616220456d697261746573;63154;63708
