id;filter_type;element_id;name
1;9493;63837;72696368
2;44948;67842;70616e656c2070696e6b20417765736f6d65
3;27690;67638;636f6d7072657373
4;31820;19275;576573742056697267696e6961
5;32810;7639;496e74656c6c6967656e74204265726b7368697265206261636b696e67207570
6;77450;48168;5275737469632046726f7a656e205368697274207669727475616c2043616d6272696467657368697265
7;8658;48835;53686f6573206d6963726f63686970
8;38869;56820;736f6c696420737461746520636f6d7072657373
9;80299;24026;757365722d666163696e6720626573742d6f662d627265656420417765736f6d65
10;69721;79065;534452
