id;path;pf;version;file_size
1;6172746966696369616c20696e74656c6c6967656e6365;706978656c206f72616e6765;89471;34985
2;70617273652057617368696e67746f6e2042616c6c;43616d62726964676573686972652053686f6573206469676974616c;88843;94760
3;41445020526576657273652d656e67696e6565726564204572676f6e6f6d6963;48616e646372616674656420536f6674204d6f75736520636f6e76657267656e6365;99554;42541
4;496e7465726e616c;4d6f756e7461696e732070617273696e67;81712;29969
5;646973696e7465726d656469617465206d6f62696c6520626f74746f6d2d6c696e65;4572676f6e6f6d696320706172746e657273686970732070726f6772616d6d696e67;47342;54081
6;6d6f6e69746f722044697665727365205361757361676573;46616e746173746963204672657368205461626c652061646170746572204265726b7368697265;42235;77043
7;636f7079696e67;6d6167656e74612074616e20736b7920626c7565;48901;74263
8;4f7267616e696320546f74616c20576562;42656c697a6520446f6c6c6172;66760;57033
9;666565642042616e676c6164657368;4a424f4420776972656c657373;24522;83139
10;536d616c6c20436f6e63726574652042696b652073747265616d6c696e6520436865657365;636f6d7072657373;81363;53363
